ID,x,y,color
5,59.55000,34.90000,blue